category_id,category_name,incidence_rate,category_length_seconds,respondents_exposed,n_versions,versions,qualified_p5,qualified_mean,qualified_p95,qualified_simulated,p_month_at_least_200,p_annual_2400
1,Fertility or IVF service,0.0956208426,164.50458002043888,2340,33,v02|v04|v07|v08|v10|v11|v13|v15|v16|v18|v19|v23|v24|v25|v26|v27|v31|v32|v33|v35|v40|v41|v44|v46|v47|v48|v49|v54|v56|v60|v63|v67|v76,201,223.8,247,223.2,0.9577,1.0
2,Big and Tall Men's Clothing,0.131231474,69.826299471315,1701,28,v01|v05|v09|v10|v12|v17|v19|v20|v23|v24|v28|v31|v33|v37|v41|v42|v43|v44|v45|v56|v57|v60|v63|v66|v68|v71|v72|v73,201,223.2,246,221.6,0.9574,1.0
4,Self Tan (Female Only),0.1910958904,115.92800450278446,1163,14,v01|v02|v04|v05|v11|v14|v22|v24|v39|v46|v48|v51|v52|v65,200,222.2,244,221.9,0.9565,1.0
5,Baby Feeding,0.1984507562,166.23116849921644,1121,14,v01|v07|v10|v13|v14|v15|v16|v32|v36|v39|v40|v57|v61|v71,201,222.5,245,223.0,0.9587,1.0
6,Baby products,0.1881326353,60.25228965561837,1182,18,v04|v13|v14|v20|v23|v25|v27|v28|v29|v30|v34|v35|v39|v54|v56|v61|v70|v72,200,222.4,245,222.7,0.9571,1.0
7,Online Healthcare,0.226758485,164.7584527451545,978,14,v06|v07|v10|v17|v24|v28|v29|v30|v37|v38|v45|v53|v69|v70,200,221.8,243,221.7,0.9568,1.0
8,Funeral Services,0.2738589212,171.70129029080272,808,11,v11|v13|v16|v21|v23|v26|v28|v41|v45|v48|v68,201,221.3,242,220.7,0.9582,1.0
9,Car Finance,0.2340532396,129.11966887302697,947,12,v01|v09|v12|v18|v21|v23|v34|v36|v37|v42|v61|v64,200,221.6,243,221.8,0.9567,1.0
10,Designer Women's Clothing,0.251552795,124.36710658483207,880,12,v01|v03|v08|v10|v20|v27|v36|v38|v50|v70|v72|v74,200,221.4,243,221.5,0.9565,1.0
11,Nappies & wipes,0.2446642374,39.26794057013467,907,14,v02|v08|v09|v11|v12|v24|v26|v50|v51|v53|v56|v57|v68|v70,201,221.9,243,222.2,0.9595,1.0
12,Car Rental,0.2695356738,60.89618623489514,822,13,v02|v03|v06|v11|v17|v34|v36|v55|v56|v60|v71|v73|v76,201,221.6,243,221.9,0.9597,1.0
13,Accounting Services (Sole Traders),0.2417112299,56.48351287934929,916,17,v03|v05|v06|v13|v19|v21|v32|v43|v45|v51|v52|v56|v64|v69|v73|v74|v76,200,221.4,243,220.2,0.9558,1.0
14,Weight-loss,0.2319189971,133.05342699866742,957,12,v01|v03|v09|v20|v29|v31|v32|v35|v40|v47|v49|v52,201,221.9,244,221.5,0.9585,1.0
15,Dark Spirits,0.301933874,87.61555773206055,734,13,v08|v12|v14|v23|v26|v29|v31|v46|v59|v63|v72|v73|v76,201,221.6,242,221.6,0.9633,1.0
16,Fresh Coffee,0.3212079616,145.47621299978346,687,11,v11|v18|v22|v23|v29|v32|v34|v43|v53|v60|v74,201,220.7,241,220.1,0.9591,1.0
17,Craft Beer,0.3127572016,104.65488631278276,706,12,v01|v06|v16|v27|v28|v35|v47|v58|v59|v60|v62|v73,201,220.8,241,219.8,0.9591,1.0
18,Car & Motorhome Rentals,0.3110285006,137.64277623966336,709,12,v05|v12|v18|v19|v29|v30|v36|v51|v55|v62|v65|v66,200,220.5,241,220.4,0.9569,1.0
19,Men's Online Health Providers,0.3049267643,178.78591422457248,723,11,v02|v10|v15|v30|v33|v34|v35|v52|v57|v58|v76,200,220.5,241,219.5,0.9558,1.0
20,Vocational Training,0.3130742049,87.00527691515163,705,11,v04|v15|v19|v26|v28|v32|v38|v46|v50|v55|v61,201,220.7,241,220.6,0.9585,1.0
21,Period Products,0.290499391,146.6167831979692,764,16,v04|v10|v20|v21|v29|v35|v44|v48|v50|v51|v52|v53|v55|v59|v62|v71,201,221.9,243,221.9,0.9642,1.0
22,Car Modifications,0.3052422031,170.2057846658863,723,10,v06|v14|v15|v17|v20|v21|v38|v51|v54|v58,200,220.7,241,220.6,0.9575,1.0
23,Baby and Child Products,0.3084639498,61.8213781923987,715,13,v05|v09|v15|v18|v21|v27|v46|v49|v52|v65|v71|v72|v76,200,220.6,241,220.8,0.9568,1.0
24,Luxury Leather Bags/Accessories,0.2751445087,127.7510649128817,804,13,v02|v07|v21|v22|v25|v32|v33|v40|v47|v62|v68|v72|v77,201,221.2,242,221.1,0.9579,1.0
25,"Shares, brokers, and trading apps/website",0.3204272363,48.83326439419761,689,16,v14|v18|v25|v27|v36|v42|v43|v45|v47|v48|v53|v56|v59|v63|v65|v75,201,220.8,241,220.8,0.9597,1.0
26,Online Betting Services,0.3089783282,70.0831003091298,713,13,v06|v08|v13|v33|v36|v37|v41|v46|v47|v58|v60|v66|v75,200,220.3,241,220.5,0.9551,1.0
27,Buy Now Pay Later (Gimmie),0.3503546099,87.91711388155818,628,12,v01|v13|v18|v30|v38|v40|v50|v58|v59|v60|v63|v69,200,220.0,240,220.0,0.9578,1.0
28,Alcohol Free Drinks,0.4125350795,32.008549973834306,530,16,v22|v27|v33|v38|v39|v44|v47|v49|v55|v56|v58|v61|v64|v65|v67|v77,200,218.6,237,218.7,0.9549,1.0
29,Pre-mixed alcoholic drinks/RTDs,0.4010938924,87.35819356050342,547,10,v07|v11|v33|v34|v38|v42|v49|v51|v62|v75,201,219.4,238,219.8,0.9593,1.0
30,Buy Now Pay Later (Laybuy),0.3945111492,160.4536268580705,556,7,v03|v19|v23|v25|v27|v41|v57,200,219.3,238,219.4,0.9581,1.0
31,Men's Clothing (Male Only),0.3270072993,81.05234950315207,674,11,v02|v12|v16|v20|v22|v43|v46|v61|v62|v63|v64,200,220.4,241,220.7,0.9578,1.0
32,Meal Kit Delivery Service,0.3631910427,102.31201732065529,605,9,v07|v08|v20|v22|v30|v42|v45|v67|v71,200,219.7,239,219.5,0.9571,1.0
33,Recruitment,0.3343350864,119.93487381376326,658,10,v03|v07|v09|v14|v25|v44|v55|v61|v66|v74,200,220.0,240,220.6,0.9557,1.0
34,Alcohol Free Beer,0.3972929936,104.03119605733082,552,8,v07|v12|v15|v17|v39|v40|v74|v75,200,219.3,238,219.0,0.9581,1.0
35,Women's Activewear (Female Only),0.375,57.93264021165669,587,16,v03|v28|v31|v37|v39|v42|v46|v50|v53|v54|v58|v60|v62|v65|v69|v77,201,220.1,239,220.3,0.9613,1.0
36,"Shares, funds, and term deposits",0.3906497623,154.10599779104814,561,7,v03|v04|v16|v23|v24|v62|v74,200,219.2,238,219.6,0.9561,1.0
37,Beddings,0.4178272981,130.2700107288547,525,9,v06|v15|v18|v31|v39|v47|v48|v68|v77,201,219.4,238,219.4,0.9611,1.0
38,Natural Health Supplements,0.4250922509,149.13597910897806,514,10,v06|v10|v30|v34|v41|v49|v50|v63|v67|v74,200,218.5,237,218.7,0.9554,1.0
39,White Spirits,0.4110294118,46.19154388317838,535,8,v05|v14|v16|v22|v37|v50|v56|v70,201,219.9,239,219.5,0.964,1.0
40,Free-from Baked Goods,0.4410354746,138.5566419060342,496,9,v05|v25|v26|v36|v38|v39|v60|v67|v68,201,218.8,237,218.6,0.9595,1.0
41,Camping Equipments,0.4311926606,91.691164446529,507,9,v03|v07|v10|v18|v58|v64|v66|v68|v75,200,218.6,237,218.1,0.9572,1.0
42,Skincare,0.4606334842,153.14194411737844,473,6,v13|v17|v22|v24|v31|v62,200,217.9,236,218.3,0.9553,1.0
43,Dog Food,0.411811652,127.05902907298878,534,10,v16|v19|v21|v30|v31|v44|v52|v53|v59|v68,201,219.9,239,220.3,0.9641,1.0
44,Female Skincare,0.4434628975,147.43991434341297,494,8,v04|v09|v11|v15|v59|v64|v72|v75,201,219.1,237,218.9,0.9622,1.0
45,Skincare (Female Only),0.4256314312,112.95544674620032,516,8,v02|v05|v26|v29|v44|v54|v75|v77,201,219.6,238,220.1,0.9639,1.0
46,Outdoor Pursuits Apparel,0.5009689922,109.45793702965602,435,7,v04|v09|v17|v41|v52|v57|v69,201,217.9,235,218.2,0.9614,1.0
47,Nutrition & Fitness Services,0.4852941176,148.40343475341797,448,6,v04|v06|v12|v45|v52|v54,200,217.4,235,217.6,0.9549,1.0
48,Female Clothing (Black Pepper),0.4939534884,33.49968035006896,440,11,v08|v31|v35|v38|v41|v43|v56|v69|v73|v74|v77,200,217.3,235,217.8,0.9556,1.0
49,Real Estate Service,0.4859086492,101.58450975548476,448,10,v11|v19|v21|v37|v43|v57|v62|v64|v66|v67,200,217.7,235,217.9,0.9573,1.0
50,Peanut or Nut Butter,0.6273525721,139.84706080053002,343,8,v16|v37|v39|v41|v42|v55|v60|v72,200,215.2,230,215.2,0.9593,1.0
51,Female Fashion,0.5568312285,133.90973347239196,390,6,v02|v13|v28|v51|v59|v66,201,217.2,233,217.3,0.9638,1.0
52,Outdoor Apparel,0.6392572944,101.64294332033023,336,6,v08|v25|v32|v44|v65|v75,200,214.8,229,214.6,0.958,1.0
53,Prescription Eyewear,0.579009434,159.18142152484506,374,6,v03|v26|v34|v43|v47|v71,201,216.5,232,216.9,0.9625,1.0
54,Healthy Snacks,0.6913946588,95.71456608362496,309,7,v09|v27|v37|v51|v54|v68|v73,200,213.6,227,213.9,0.9579,1.0
55,Children's Television,0.4978813559,66.71959155471995,438,11,v01|v22|v26|v49|v54|v55|v57|v63|v66|v69|v75,201,218.1,235,218.9,0.9621,1.0
56,Mental Performance Supplements,0.5715922108,40.601857071742415,381,9,v17|v30|v32|v35|v46|v54|v59|v70|v71,202,217.8,234,218.1,0.9704,1.0
57,Indoor & Outdoor Cleaners,0.6751740139,44.919924025889486,317,8,v24|v34|v40|v45|v46|v55|v67|v69,200,214.0,228,213.7,0.9582,1.0
58,Blinds & Window Furnishings,0.571589628,77.44075607741252,380,7,v05|v07|v34|v48|v57|v65|v77,201,217.2,233,217.7,0.9664,1.0
59,Furniture & Homeware,0.6108247423,107.79513947898522,354,9,v28|v30|v33|v40|v48|v51|v57|v75|v76,201,216.2,231,216.9,0.9653,1.0
60,Suncare,0.6172695449,129.30076146265492,349,5,v08|v14|v28|v49|v64,200,215.4,230,214.9,0.9596,1.0
61,Umbrellas,0.5340909091,91.02452807826921,407,8,v15|v17|v29|v42|v43|v48|v67|v68,201,217.4,234,217.7,0.962,1.0
62,"Massage, beauty and Wellness Services",0.5266075388,166.93138863891363,412,7,v10|v12|v13|v42|v55|v70|v77,200,217.0,234,217.1,0.9575,1.0
63,Floor Cleaning Appliances,0.6119909502,74.04050591401756,354,7,v16|v25|v29|v33|v64|v71|v74,202,216.6,232,216.4,0.9686,1.0
64,Health & Beauty Retailers,0.8494623656,98.8598589389585,247,6,v11|v36|v44|v58|v63|v70,200,209.8,219,209.6,0.9635,1.0
65,"Mattresses, beds, and pillows",0.7124277457,79.85920112812892,299,7,v06|v40|v42|v44|v53|v64|v66,200,213.0,226,213.3,0.9564,1.0
66,Chocolate,0.8591331269,127.63057006057352,244,4,v23|v24|v43|v50,201,209.6,218,209.6,0.9654,1.0
67,Coffee,0.7912912913,68.70251710759476,267,5,v04|v21|v45|v70|v73,200,211.3,222,211.6,0.9595,1.0
68,Car Insurance,0.7484662577,101.78178724134341,285,5,v09|v19|v39|v58|v70,201,213.3,225,213.4,0.9685,1.0
69,Healthy Beverages,0.8851744186,144.94660059688613,236,4,v27|v31|v32|v69,201,208.9,217,209.0,0.9685,1.0
70,"Chips, Crisps, Crackers",0.8487874465,42.63703715521842,248,6,v01|v41|v53|v67|v76|v77,201,210.5,220,210.3,0.9713,1.0
71,Chocolate confectionery,0.7879256966,161.2981995055452,268,4,v05|v08|v61|v63,200,211.2,222,210.8,0.957,1.0
72,Sugar confectionery,0.7308868502,80.86094067664817,293,8,v20|v25|v37|v49|v59|v61|v74|v76,202,214.1,226,213.6,0.9716,1.0
73,Wealth Management,0.8030769231,155.91605252819136,264,4,v18|v20|v33|v73,201,212.0,222,211.5,0.9712,1.0
74,Chocolate bars and blocks,0.7994350282,82.00252337381244,264,8,v12|v24|v48|v54|v66|v69|v72|v73,200,211.1,222,211.0,0.9596,1.0
75,Fast Food,0.7904624277,80.0662396196276,268,7,v19|v26|v40|v52|v61|v65|v77,201,211.8,223,212.5,0.9657,1.0
76,Eco Products,0.7372262774,101.45268676104024,288,7,v17|v35|v36|v49|v50|v67|v72,200,212.3,224,212.3,0.9552,1.0
77,Breakfast or Health Foods,0.7669753086,163.8297503767535,276,5,v14|v22|v35|v65|v76,200,211.7,223,212.2,0.9566,1.0
78,Kitchenware Retailers,0.6845637584,159.65092059457675,312,6,v02|v38|v45|v47|v53|v71,200,213.6,227,213.6,0.9557,1.0
